<?xml version="1.0" encoding="UTF-8" standalone="yes"?>
<addon id="plugin.video.localmovies" name="Local Movies" version="1.0.0" provider-name="YourName">
    <requires>
        <import addon="xbmc.python" version="3.0.0"/>
        <import addon="script.module.requests" version="2.27.0"/>
    </requires>
    <extension point="xbmc.python.pluginsource" library="resources/lib/core.py">
        <provides>video</provides>
    </extension>
    <extension point="xbmc.addon.metadata">
        <platform>all</platform>
        <summary>Local Movie Database</summary>
        <description>Browse and play movies from your local API</description>
        <license>MIT</license>
    </extension>
</addon>